"genotype","BLUP_combined","trait","Genotype","dev_year"
"L001",13.8057769105959,"DTE","L001",2023
"L002",13.8057769105959,"DTE","L002",2025
"L003",13.8057769105959,"DTE","L003",2023
"L004",13.8057769105959,"DTE","L004",2026
"L005",13.8057769105959,"DTE","L005",2023
"L006",13.8057769105959,"DTE","L006",2023
"L007",13.8057769105959,"DTE","L007",2023
"L008",13.8057769105959,"DTE","L008",2023
"L009",13.8057769105959,"DTE","L009",2023
"L010",13.8057769105959,"DTE","L010",2023
"L011",13.8057769105959,"DTE","L011",2026
"L012",13.8057769105959,"DTE","L012",2023
"L013",13.8057769105959,"DTE","L013",2024
"L014",13.8057769105959,"DTE","L014",2025
"L015",13.8057769105959,"DTE","L015",2024
"L016",13.8057769105959,"DTE","L016",2025
"L017",13.8057769105959,"DTE","L017",2024
"L018",13.8057769105959,"DTE","L018",2024
"L019",13.8057769105959,"DTE","L019",2023
"L020",13.8057769105959,"DTE","L020",2025
"L021",13.8057769105959,"DTE","L021",2024
"L022",13.8057769105959,"DTE","L022",2024
"L023",13.8057769105959,"DTE","L023",2026
"L024",13.8057769105959,"DTE","L024",2024
"L025",13.8057769105959,"DTE","L025",2026
"L026",13.8057769105959,"DTE","L026",2025
"L027",13.8057769105959,"DTE","L027",2026
"L028",13.8057769105959,"DTE","L028",2025
"L029",13.8057769105959,"DTE","L029",2026
"L030",13.8057769105959,"DTE","L030",2025
"L031",13.8057769105959,"DTE","L031",2026
"L032",13.8057769105959,"DTE","L032",2026
"L033",13.8057769105959,"DTE","L033",2026
"L034",13.8057769105959,"DTE","L034",2026
"L035",13.8057769105959,"DTE","L035",2026
"L036",13.8057769105959,"DTE","L036",2026
"L037",13.8057769105959,"DTE","L037",2026
"L038",13.8057769105959,"DTE","L038",2026
"L039",13.8057769105959,"DTE","L039",2026
"L040",13.8057769105959,"DTE","L040",2026
"L041",13.8057769105959,"DTE","L041",2026
"L042",13.8057769105959,"DTE","L042",2026
"L043",13.8057769105959,"DTE","L043",2026
"L044",13.8057769105959,"DTE","L044",2026
"L045",13.8057769105959,"DTE","L045",2027
"L046",13.8057769105959,"DTE","L046",2027
"L047",13.8057769105959,"DTE","L047",2026
"L048",13.8057769105959,"DTE","L048",2026
"L049",13.8057769105959,"DTE","L049",2026
"L050",13.8057769105959,"DTE","L050",2027
"L051",13.8057769105959,"DTE","L051",2027
"L052",13.8057769105959,"DTE","L052",2027
"L053",13.8057769105959,"DTE","L053",2027
"L054",13.8057769105959,"DTE","L054",2027
"L055",13.8057769105959,"DTE","L055",2014
"L056",13.8057769105959,"DTE","L056",2016
"L057",13.8057769105959,"DTE","L057",2017
"L058",13.8057769105959,"DTE","L058",2018
"L059",13.8057769105959,"DTE","L059",2018
"L060",13.8057769105959,"DTE","L060",2018
"L061",13.8057769105959,"DTE","L061",2019
"L062",13.8057769105959,"DTE","L062",2020
"L063",13.8057769105959,"DTE","L063",2019
"L064",13.8057769105959,"DTE","L064",2019
"L065",13.8057769105959,"DTE","L065",2019
"L066",13.8057769105959,"DTE","L066",2019
"L067",13.8057769105959,"DTE","L067",2019
"L068",13.8057769105959,"DTE","L068",2019
"L069",13.8057769105959,"DTE","L069",2019
"L070",13.8057769105959,"DTE","L070",2019
"L071",13.8057769105959,"DTE","L071",2019
"L072",13.8057769105959,"DTE","L072",2019
"L073",13.8057769105959,"DTE","L073",2006
"L074",13.8057769105959,"DTE","L074",2006
"L075",13.8057769105959,"DTE","L075",2006
"L076",13.8057769105959,"DTE","L076",2014
"L077",13.8057769105959,"DTE","L077",2007
"L078",13.8057769105959,"DTE","L078",2008
"L079",13.8057769105959,"DTE","L079",2008
"L080",13.8057769105959,"DTE","L080",2009
"L081",13.8057769105959,"DTE","L081",2008
"L082",13.8057769105959,"DTE","L082",2009
"L083",13.8057769105959,"DTE","L083",2010
"L084",13.8057769105959,"DTE","L084",2013
"L085",13.8057769105959,"DTE","L085",2014
"L086",13.8057769105959,"DTE","L086",2013
"L087",13.8057769105959,"DTE","L087",2013
"L088",13.8057769105959,"DTE","L088",2007
"L089",13.8057769105959,"DTE","L089",2016
"L090",13.8057769105959,"DTE","L090",2016
"L091",13.8057769105959,"DTE","L091",2016
"L092",13.8057769105959,"DTE","L092",2017
"L093",13.8057769105959,"DTE","L093",2018
"L094",13.8057769105959,"DTE","L094",2017
"L095",13.8057769105959,"DTE","L095",2020
"L096",13.8057769105959,"DTE","L096",2020
"L097",13.8057769105959,"DTE","L097",2019
"L098",13.8057769105959,"DTE","L098",2019
"L099",13.8057769105959,"DTE","L099",2019
"L100",13.8057769105959,"DTE","L100",2019
"L001",55.6477424512562,"DTF","L001",2023
"L002",52.7667513578581,"DTF","L002",2025
"L003",51.4046972251625,"DTF","L003",2023
"L004",51.2289781013689,"DTF","L004",2026
"L005",52.4867122913624,"DTF","L005",2023
"L006",54.876330024924,"DTF","L006",2023
"L007",53.8772651582649,"DTF","L007",2023
"L008",52.1587670247399,"DTF","L008",2023
"L009",51.9173755248469,"DTF","L009",2023
"L010",54.3809038153425,"DTF","L010",2023
"L011",54.4575797669965,"DTF","L011",2026
"L012",55.7066454158712,"DTF","L012",2023
"L013",52.6016875070857,"DTF","L013",2024
"L014",53.3425993127379,"DTF","L014",2025
"L015",50.6282849508926,"DTF","L015",2024
"L016",52.0853122497758,"DTF","L016",2025
"L017",52.0781835109319,"DTF","L017",2024
"L018",52.1945701909128,"DTF","L018",2024
"L019",53.3645886935901,"DTF","L019",2023
"L020",54.7349512955836,"DTF","L020",2025
"L021",52.2460679469187,"DTF","L021",2024
"L022",54.5078594132587,"DTF","L022",2024
"L023",52.5173888478574,"DTF","L023",2026
"L024",53.6180802260906,"DTF","L024",2024
"L025",53.0783482708468,"DTF","L025",2026
"L026",55.0530705353419,"DTF","L026",2025
"L027",52.0938623989315,"DTF","L027",2026
"L028",53.1219428414622,"DTF","L028",2025
"L029",52.6488966558482,"DTF","L029",2026
"L030",56.1380673786302,"DTF","L030",2025
"L031",50.6268055500262,"DTF","L031",2026
"L032",52.7222230352879,"DTF","L032",2026
"L033",53.7105200789618,"DTF","L033",2026
"L034",51.8606987467497,"DTF","L034",2026
"L035",51.8822564504791,"DTF","L035",2026
"L036",52.4158452310559,"DTF","L036",2026
"L037",54.8208822767249,"DTF","L037",2026
"L038",53.9355427993678,"DTF","L038",2026
"L039",50.3087010968288,"DTF","L039",2026
"L040",52.9486579702844,"DTF","L040",2026
"L041",52.7990622018208,"DTF","L041",2026
"L042",53.6139973342401,"DTF","L042",2026
"L043",52.3008035683573,"DTF","L043",2026
"L044",55.0049443225994,"DTF","L044",2026
"L045",52.011124574397,"DTF","L045",2027
"L046",52.9618843776815,"DTF","L046",2027
"L047",51.7821729971337,"DTF","L047",2026
"L048",51.897374554167,"DTF","L048",2026
"L049",54.5954319887576,"DTF","L049",2026
"L050",51.427673008763,"DTF","L050",2027
"L051",52.2827110431397,"DTF","L051",2027
"L052",53.7594821019748,"DTF","L052",2027
"L053",52.4802256269463,"DTF","L053",2027
"L054",52.6978318989149,"DTF","L054",2027
"L055",52.4774346523672,"DTF","L055",2014
"L056",52.7611289647619,"DTF","L056",2016
"L057",52.3486285378676,"DTF","L057",2017
"L058",54.7966276055021,"DTF","L058",2018
"L059",53.6429574256939,"DTF","L059",2018
"L060",50.2594693193629,"DTF","L060",2018
"L061",53.2514354114502,"DTF","L061",2019
"L062",52.3594541431758,"DTF","L062",2020
"L063",51.3562443741314,"DTF","L063",2019
"L064",51.700050518267,"DTF","L064",2019
"L065",52.1752792089444,"DTF","L065",2019
"L066",53.4292568141956,"DTF","L066",2019
"L067",51.1695916227527,"DTF","L067",2019
"L068",55.231949365051,"DTF","L068",2019
"L069",52.1328683696278,"DTF","L069",2019
"L070",50.871739297398,"DTF","L070",2019
"L071",55.0115311410328,"DTF","L071",2019
"L072",50.3228903150986,"DTF","L072",2019
"L073",50.0204548108001,"DTF","L073",2006
"L074",49.949966885928,"DTF","L074",2006
"L075",50.4588897301865,"DTF","L075",2006
"L076",50.3075410545687,"DTF","L076",2014
"L077",50.7874169278747,"DTF","L077",2007
"L078",51.8105811922224,"DTF","L078",2008
"L079",52.6429453570518,"DTF","L079",2008
"L080",51.0602295525929,"DTF","L080",2009
"L081",52.3288045020686,"DTF","L081",2008
"L082",50.7092443363917,"DTF","L082",2009
"L083",51.7892642989354,"DTF","L083",2010
"L084",52.5678874858067,"DTF","L084",2013
"L085",51.2691567026253,"DTF","L085",2014
"L086",52.3751244986665,"DTF","L086",2013
"L087",51.3380554112099,"DTF","L087",2013
"L088",50.2121037034299,"DTF","L088",2007
"L089",52.5375512525283,"DTF","L089",2016
"L090",51.7483025703144,"DTF","L090",2016
"L091",51.185887520673,"DTF","L091",2016
"L092",51.1845154126549,"DTF","L092",2017
"L093",53.9410743850143,"DTF","L093",2018
"L094",54.5241096585039,"DTF","L094",2017
"L095",52.2453485670522,"DTF","L095",2020
"L096",52.5059548038625,"DTF","L096",2020
"L097",52.605408207917,"DTF","L097",2019
"L098",52.9524085973646,"DTF","L098",2019
"L099",51.6757058095145,"DTF","L099",2019
"L100",52.1387055884852,"DTF","L100",2019
"L001",41.6440603772428,"VegP","L001",2023
"L002",38.7780034950218,"VegP","L002",2025
"L003",37.5178933423031,"VegP","L003",2023
"L004",37.2493754350682,"VegP","L004",2026
"L005",38.4248326217925,"VegP","L005",2023
"L006",40.7327051794447,"VegP","L006",2023
"L007",39.8463735038884,"VegP","L007",2023
"L008",38.0545173623812,"VegP","L008",2023
"L009",37.9697208102076,"VegP","L009",2023
"L010",40.2048285134613,"VegP","L010",2023
"L011",40.4885056644315,"VegP","L011",2026
"L012",41.4966145116954,"VegP","L012",2023
"L013",38.602626139635,"VegP","L013",2024
"L014",39.213030345627,"VegP","L014",2025
"L015",36.5673380958367,"VegP","L015",2024
"L016",38.0987175320343,"VegP","L016",2025
"L017",38.0666873830126,"VegP","L017",2024
"L018",38.1137965022537,"VegP","L018",2024
"L019",39.4646001898531,"VegP","L019",2023
"L020",40.6973724972799,"VegP","L020",2025
"L021",38.206039886648,"VegP","L021",2024
"L022",40.5468372255441,"VegP","L022",2024
"L023",38.6366774430587,"VegP","L023",2026
"L024",39.6399965484263,"VegP","L024",2024
"L025",39.1907496518189,"VegP","L025",2026
"L026",40.9001483079652,"VegP","L026",2025
"L027",38.010717664977,"VegP","L027",2026
"L028",39.0785008126931,"VegP","L028",2025
"L029",38.7171929792114,"VegP","L029",2026
"L030",42.0295147895914,"VegP","L030",2025
"L031",36.6513662690715,"VegP","L031",2026
"L032",38.6958903421969,"VegP","L032",2026
"L033",39.7124955246615,"VegP","L033",2026
"L034",37.9217176718958,"VegP","L034",2026
"L035",38.0305310241511,"VegP","L035",2026
"L036",38.3883859571925,"VegP","L036",2026
"L037",40.7946027075318,"VegP","L037",2026
"L038",40.0033585164795,"VegP","L038",2026
"L039",36.4194853387973,"VegP","L039",2026
"L040",38.9788295103611,"VegP","L040",2026
"L041",38.7794975919941,"VegP","L041",2026
"L042",39.684163525884,"VegP","L042",2026
"L043",38.3357105448957,"VegP","L043",2026
"L044",40.9801826778519,"VegP","L044",2026
"L045",38.0874265155758,"VegP","L045",2027
"L046",38.9847437622903,"VegP","L046",2027
"L047",37.958370915036,"VegP","L047",2026
"L048",37.8946595387163,"VegP","L048",2026
"L049",40.5217557132429,"VegP","L049",2026
"L050",37.4348970452546,"VegP","L050",2027
"L051",38.2589773855129,"VegP","L051",2027
"L052",39.7038683842337,"VegP","L052",2027
"L053",38.6501598048118,"VegP","L053",2027
"L054",38.7284235347428,"VegP","L054",2027
"L055",38.6354850886847,"VegP","L055",2014
"L056",38.8657456592609,"VegP","L056",2016
"L057",38.2734621854968,"VegP","L057",2017
"L058",40.9044892311532,"VegP","L058",2018
"L059",39.7151696310164,"VegP","L059",2018
"L060",36.217348952972,"VegP","L060",2018
"L061",39.212554398207,"VegP","L061",2019
"L062",38.415643521271,"VegP","L062",2020
"L063",37.3941854754895,"VegP","L063",2019
"L064",37.6761284965435,"VegP","L064",2019
"L065",38.2389758951664,"VegP","L065",2019
"L066",39.4538081678444,"VegP","L066",2019
"L067",37.083688515858,"VegP","L067",2019
"L068",41.0812669677,"VegP","L068",2019
"L069",38.0969444624908,"VegP","L069",2019
"L070",36.9115043854352,"VegP","L070",2019
"L071",41.0861599843766,"VegP","L071",2019
"L072",36.2742426965995,"VegP","L072",2019
"L073",36.1275766802457,"VegP","L073",2006
"L074",35.8956174986823,"VegP","L074",2006
"L075",36.5251631354146,"VegP","L075",2006
"L076",36.3657814316257,"VegP","L076",2014
"L077",36.8133814407624,"VegP","L077",2007
"L078",37.8692780112282,"VegP","L078",2008
"L079",38.7720932614824,"VegP","L079",2008
"L080",37.0695023813299,"VegP","L080",2009
"L081",38.3333993319767,"VegP","L081",2008
"L082",36.8162599070399,"VegP","L082",2009
"L083",37.7730800138239,"VegP","L083",2010
"L084",38.5660186967389,"VegP","L084",2013
"L085",37.3699052781999,"VegP","L085",2014
"L086",38.4529274338272,"VegP","L086",2013
"L087",37.3979468736634,"VegP","L087",2013
"L088",36.2563597171822,"VegP","L088",2007
"L089",38.6416033884856,"VegP","L089",2016
"L090",37.8606916416572,"VegP","L090",2016
"L091",37.0352799804767,"VegP","L091",2016
"L092",37.3050735006919,"VegP","L092",2017
"L093",39.8674583198738,"VegP","L093",2018
"L094",40.3753811481742,"VegP","L094",2017
"L095",38.3098272287947,"VegP","L095",2020
"L096",38.6093600943398,"VegP","L096",2020
"L097",38.6713697291233,"VegP","L097",2019
"L098",38.9712490316373,"VegP","L098",2019
"L099",37.7176486204421,"VegP","L099",2019
"L100",38.0025840728113,"VegP","L100",2019
"L001",90.0646356907402,"DTM","L001",2023
"L002",87.9273437999528,"DTM","L002",2025
"L003",89.1193374970367,"DTM","L003",2023
"L004",87.9806789836053,"DTM","L004",2026
"L005",89.5962379730154,"DTM","L005",2023
"L006",90.2138397384446,"DTM","L006",2023
"L007",88.4333583832157,"DTM","L007",2023
"L008",89.7558618743154,"DTM","L008",2023
"L009",87.8781758415032,"DTM","L009",2023
"L010",89.1938612846633,"DTM","L010",2023
"L011",91.9306209764825,"DTM","L011",2026
"L012",90.5905714489216,"DTM","L012",2023
"L013",89.8283098855528,"DTM","L013",2024
"L014",88.1846496799947,"DTM","L014",2025
"L015",87.502381343651,"DTM","L015",2024
"L016",88.2002415180316,"DTM","L016",2025
"L017",88.9713395508362,"DTM","L017",2024
"L018",88.173437191461,"DTM","L018",2024
"L019",87.6956620682941,"DTM","L019",2023
"L020",89.3006579003949,"DTM","L020",2025
"L021",87.0821213435013,"DTM","L021",2024
"L022",90.1373906362766,"DTM","L022",2024
"L023",89.3209130398617,"DTM","L023",2026
"L024",90.3825739485664,"DTM","L024",2024
"L025",89.6067066332516,"DTM","L025",2026
"L026",89.1269198030785,"DTM","L026",2025
"L027",86.5731738278534,"DTM","L027",2026
"L028",87.7148902827216,"DTM","L028",2025
"L029",86.6095395843556,"DTM","L029",2026
"L030",90.1262939510303,"DTM","L030",2025
"L031",87.1120956737936,"DTM","L031",2026
"L032",87.4440310236948,"DTM","L032",2026
"L033",89.3581105708544,"DTM","L033",2026
"L034",89.5305168191123,"DTM","L034",2026
"L035",87.1550414269313,"DTM","L035",2026
"L036",87.7999568028024,"DTM","L036",2026
"L037",88.3543111230483,"DTM","L037",2026
"L038",89.3977360021205,"DTM","L038",2026
"L039",87.997596610148,"DTM","L039",2026
"L040",88.5897779602332,"DTM","L040",2026
"L041",88.8507281785724,"DTM","L041",2026
"L042",89.397952278391,"DTM","L042",2026
"L043",88.1798970448046,"DTM","L043",2026
"L044",89.7115915171157,"DTM","L044",2026
"L045",90.380541543555,"DTM","L045",2027
"L046",89.1917015297148,"DTM","L046",2027
"L047",89.6153051275659,"DTM","L047",2026
"L048",88.2771884115303,"DTM","L048",2026
"L049",89.196551825321,"DTM","L049",2026
"L050",88.2494378544807,"DTM","L050",2027
"L051",87.7732742947034,"DTM","L051",2027
"L052",88.865314377692,"DTM","L052",2027
"L053",89.1811294428545,"DTM","L053",2027
"L054",86.552932404845,"DTM","L054",2027
"L055",90.0350730327831,"DTM","L055",2014
"L056",90.8119025613771,"DTM","L056",2016
"L057",87.0639555422469,"DTM","L057",2017
"L058",89.9319235122516,"DTM","L058",2018
"L059",90.4129889318738,"DTM","L059",2018
"L060",87.76278120042,"DTM","L060",2018
"L061",90.0983553472049,"DTM","L061",2019
"L062",90.2828059931617,"DTM","L062",2020
"L063",88.6311400331047,"DTM","L063",2019
"L064",87.9347567680966,"DTM","L064",2019
"L065",89.5530007062128,"DTM","L065",2019
"L066",88.634361720593,"DTM","L066",2019
"L067",85.9994442316511,"DTM","L067",2019
"L068",90.6290033227229,"DTM","L068",2019
"L069",88.6300646065345,"DTM","L069",2019
"L070",89.0974267175913,"DTM","L070",2019
"L071",91.2132642494938,"DTM","L071",2019
"L072",87.0086781117378,"DTM","L072",2019
"L073",85.3278262366444,"DTM","L073",2006
"L074",86.1294841139003,"DTM","L074",2006
"L075",86.8466947885263,"DTM","L075",2006
"L076",87.2613200591401,"DTM","L076",2014
"L077",87.6857963869576,"DTM","L077",2007
"L078",86.5005228630999,"DTM","L078",2008
"L079",90.0769047731313,"DTM","L079",2008
"L080",88.804198671615,"DTM","L080",2009
"L081",86.2519118714177,"DTM","L081",2008
"L082",88.2421171264641,"DTM","L082",2009
"L083",87.9355544385007,"DTM","L083",2010
"L084",88.8156891897293,"DTM","L084",2013
"L085",87.5615773426517,"DTM","L085",2014
"L086",89.2965084600194,"DTM","L086",2013
"L087",89.0540858481807,"DTM","L087",2013
"L088",86.6412414678046,"DTM","L088",2007
"L089",88.2665385323972,"DTM","L089",2016
"L090",90.9669646679703,"DTM","L090",2016
"L091",87.2558005896085,"DTM","L091",2016
"L092",85.8517172774451,"DTM","L092",2017
"L093",89.2962855089116,"DTM","L093",2018
"L094",89.0509375238994,"DTM","L094",2017
"L095",87.2345752658076,"DTM","L095",2020
"L096",89.8903866524262,"DTM","L096",2020
"L097",88.6713885140117,"DTM","L097",2019
"L098",89.3212376355288,"DTM","L098",2019
"L099",89.2263659425085,"DTM","L099",2019
"L100",88.9200146593481,"DTM","L100",2019
"L001",36.0749980549362,"RepP","L001",2023
"L002",36.1960166334218,"RepP","L002",2025
"L003",38.1208193019457,"RepP","L003",2023
"L004",37.3754710983984,"RepP","L004",2026
"L005",37.9384216512881,"RepP","L005",2023
"L006",36.4973416753927,"RepP","L006",2023
"L007",35.850062242719,"RepP","L007",2023
"L008",38.351126851926,"RepP","L008",2023
"L009",36.4890468051748,"RepP","L009",2023
"L010",35.8634214447707,"RepP","L010",2023
"L011",38.2643648365065,"RepP","L011",2026
"L012",36.3025699137346,"RepP","L012",2023
"L013",37.9124177278544,"RepP","L013",2024
"L014",36.1467776231564,"RepP","L014",2025
"L015",37.1452205420115,"RepP","L015",2024
"L016",36.8974868547709,"RepP","L016",2025
"L017",37.4857616162487,"RepP","L017",2024
"L018",36.8339958415226,"RepP","L018",2024
"L019",35.6146845118226,"RepP","L019",2023
"L020",35.4443591271985,"RepP","L020",2025
"L021",35.7552219512248,"RepP","L021",2024
"L022",37.139862330381,"RepP","L022",2024
"L023",37.5228584361293,"RepP","L023",2026
"L024",37.2922789478983,"RepP","L024",2024
"L025",37.4631398578795,"RepP","L025",2026
"L026",35.522417145418,"RepP","L026",2025
"L027",35.5550990855509,"RepP","L027",2026
"L028",35.9887706847099,"RepP","L028",2025
"L029",35.2737128029401,"RepP","L029",2026
"L030",35.8928489542306,"RepP","L030",2025
"L031",36.9246525270328,"RepP","L031",2026
"L032",35.9706229014193,"RepP","L032",2026
"L033",36.6009120125668,"RepP","L033",2026
"L034",38.1944522389714,"RepP","L034",2026
"L035",36.2570677769502,"RepP","L035",2026
"L036",36.3190635341099,"RepP","L036",2026
"L037",35.2466901770176,"RepP","L037",2026
"L038",36.7391520779976,"RepP","L038",2026
"L039",37.6918259184794,"RepP","L039",2026
"L040",36.4642188447838,"RepP","L040",2026
"L041",37.01414059866,"RepP","L041",2026
"L042",36.863136399636,"RepP","L042",2026
"L043",36.7306026082429,"RepP","L043",2026
"L044",36.104572945898,"RepP","L044",2026
"L045",38.8813443598807,"RepP","L045",2027
"L046",37.0406696290313,"RepP","L046",2027
"L047",38.3624187570444,"RepP","L047",2026
"L048",37.1474434063881,"RepP","L048",2026
"L049",36.2418377643598,"RepP","L049",2026
"L050",37.5560349604764,"RepP","L050",2027
"L051",36.470535291169,"RepP","L051",2027
"L052",36.2960959247045,"RepP","L052",2027
"L053",37.4514495923579,"RepP","L053",2027
"L054",35.0450777918651,"RepP","L054",2027
"L055",38.256057176287,"RepP","L055",2014
"L056",38.5603303481331,"RepP","L056",2016
"L057",35.7088132526267,"RepP","L057",2017
"L058",36.6099872229984,"RepP","L058",2018
"L059",37.6214492749989,"RepP","L059",2018
"L060",37.517280078575,"RepP","L060",2018
"L061",37.7644781216339,"RepP","L061",2019
"L062",38.6060712952334,"RepP","L062",2020
"L063",37.7274666936543,"RepP","L063",2019
"L064",37.0754214155572,"RepP","L064",2019
"L065",37.8889093329223,"RepP","L065",2019
"L066",36.7384442150671,"RepP","L066",2019
"L067",35.6388334908749,"RepP","L067",2019
"L068",36.803078919114,"RepP","L068",2019
"L069",37.2390744506123,"RepP","L069",2019
"L070",38.3796161485099,"RepP","L070",2019
"L071",37.2490518304082,"RepP","L071",2019
"L072",37.0639957926383,"RepP","L072",2019
"L073",35.8381775443821,"RepP","L073",2006
"L074",36.5137237838312,"RepP","L074",2006
"L075",36.8615251524896,"RepP","L075",2006
"L076",37.2483929338553,"RepP","L076",2014
"L077",37.213225343681,"RepP","L077",2007
"L078",35.6095134617047,"RepP","L078",2008
"L079",38.2917467590359,"RepP","L079",2008
"L080",38.0124125182328,"RepP","L080",2009
"L081",35.1336026059208,"RepP","L081",2008
"L082",38.015904320082,"RepP","L082",2009
"L083",36.8530377357756,"RepP","L083",2010
"L084",37.1503273504024,"RepP","L084",2013
"L085",37.1145226209079,"RepP","L085",2014
"L086",37.6664462263105,"RepP","L086",2013
"L087",38.1583057732318,"RepP","L087",2013
"L088",36.7720863249822,"RepP","L088",2007
"L089",36.7376730226909,"RepP","L089",2016
"L090",39.76376919538,"RepP","L090",2016
"L091",36.6845247472271,"RepP","L091",2016
"L092",35.756106029967,"RepP","L092",2017
"L093",36.7000405622891,"RepP","L093",2018
"L094",35.9803932558621,"RepP","L094",2017
"L095",36.0324603369482,"RepP","L095",2020
"L096",38.0874602023566,"RepP","L096",2020
"L097",36.8934709381998,"RepP","L097",2019
"L098",37.3572236690231,"RepP","L098",2019
"L099",37.909563918753,"RepP","L099",2019
"L100",37.588465421213,"RepP","L100",2019
"L001",2.39676072955212,"lodging","L001",2023
"L002",3.19811266226417,"lodging","L002",2025
"L003",2.11505962499841,"lodging","L003",2023
"L004",2.27534177144426,"lodging","L004",2026
"L005",2.52048563300054,"lodging","L005",2023
"L006",2.33869076088021,"lodging","L006",2023
"L007",2.06701042987511,"lodging","L007",2023
"L008",2.92020489571886,"lodging","L008",2023
"L009",2.31567659419687,"lodging","L009",2023
"L010",2.53149085553479,"lodging","L010",2023
"L011",2.6087663133232,"lodging","L011",2026
"L012",2.58192877638653,"lodging","L012",2023
"L013",2.61249256335626,"lodging","L013",2024
"L014",2.53372636982667,"lodging","L014",2025
"L015",2.50259351118879,"lodging","L015",2024
"L016",3.17070955228214,"lodging","L016",2025
"L017",2.70971351817506,"lodging","L017",2024
"L018",3.05608432199514,"lodging","L018",2024
"L019",3.4865655482937,"lodging","L019",2023
"L020",3.04052691096243,"lodging","L020",2025
"L021",2.31168189083583,"lodging","L021",2024
"L022",3.58379783313063,"lodging","L022",2024
"L023",3.89963116695133,"lodging","L023",2026
"L024",3.68357729150637,"lodging","L024",2024
"L025",4.04711507806045,"lodging","L025",2026
"L026",2.64651791756664,"lodging","L026",2025
"L027",2.87500406797304,"lodging","L027",2026
"L028",3.88351852629799,"lodging","L028",2025
"L029",3.02706383973702,"lodging","L029",2026
"L030",2.88656669761125,"lodging","L030",2025
"L031",2.79977655123258,"lodging","L031",2026
"L032",3.76725879837738,"lodging","L032",2026
"L033",3.64379634868477,"lodging","L033",2026
"L034",3.89968063006461,"lodging","L034",2026
"L035",2.35510164173833,"lodging","L035",2026
"L036",3.72607729433404,"lodging","L036",2026
"L037",3.56373760071762,"lodging","L037",2026
"L038",4.1206264640678,"lodging","L038",2026
"L039",2.44959705302489,"lodging","L039",2026
"L040",2.90496760064679,"lodging","L040",2026
"L041",2.32463275461034,"lodging","L041",2026
"L042",3.23090611286964,"lodging","L042",2026
"L043",2.90908411189772,"lodging","L043",2026
"L044",2.87300788117261,"lodging","L044",2026
"L045",2.98784405088283,"lodging","L045",2027
"L046",3.03712788927444,"lodging","L046",2027
"L047",3.77004201562292,"lodging","L047",2026
"L048",3.00624033261067,"lodging","L048",2026
"L049",2.24810639734803,"lodging","L049",2026
"L050",2.24883340879957,"lodging","L050",2027
"L051",3.11227035685921,"lodging","L051",2027
"L052",3.15989253567716,"lodging","L052",2027
"L053",3.71429733977504,"lodging","L053",2027
"L054",2.39620150467941,"lodging","L054",2027
"L055",3.8706854561547,"lodging","L055",2014
"L056",3.66256564776182,"lodging","L056",2016
"L057",2.76208063951987,"lodging","L057",2017
"L058",3.24330189389357,"lodging","L058",2018
"L059",3.5068142137299,"lodging","L059",2018
"L060",2.66436231869406,"lodging","L060",2018
"L061",2.65512148356761,"lodging","L061",2019
"L062",3.04358271102401,"lodging","L062",2020
"L063",2.76215956830625,"lodging","L063",2019
"L064",3.07676444431057,"lodging","L064",2019
"L065",2.60333512793811,"lodging","L065",2019
"L066",2.75779544392923,"lodging","L066",2019
"L067",3.35053512287726,"lodging","L067",2019
"L068",1.89998741750092,"lodging","L068",2019
"L069",2.34466107284715,"lodging","L069",2019
"L070",2.09983267718313,"lodging","L070",2019
"L071",2.94612845916388,"lodging","L071",2019
"L072",3.7732696970825,"lodging","L072",2019
"L073",3.88797167795683,"lodging","L073",2006
"L074",3.82490186047715,"lodging","L074",2006
"L075",4.00588833570597,"lodging","L075",2006
"L076",3.33654055100208,"lodging","L076",2014
"L077",2.31782813587849,"lodging","L077",2007
"L078",3.78963777854188,"lodging","L078",2008
"L079",3.76604398693549,"lodging","L079",2008
"L080",3.64762630984906,"lodging","L080",2009
"L081",3.9632241122029,"lodging","L081",2008
"L082",3.97922890792656,"lodging","L082",2009
"L083",2.92957572405455,"lodging","L083",2010
"L084",2.46065470239346,"lodging","L084",2013
"L085",3.05904946174629,"lodging","L085",2014
"L086",3.8749873327037,"lodging","L086",2013
"L087",3.04363678652474,"lodging","L087",2013
"L088",3.12384824413688,"lodging","L088",2007
"L089",2.9523139062868,"lodging","L089",2016
"L090",3.51640559488153,"lodging","L090",2016
"L091",2.78523836799736,"lodging","L091",2016
"L092",3.50884029052436,"lodging","L092",2017
"L093",2.09385792351287,"lodging","L093",2018
"L094",2.64205376008329,"lodging","L094",2017
"L095",3.09536041359125,"lodging","L095",2020
"L096",3.50398556491071,"lodging","L096",2020
"L097",2.25399835972265,"lodging","L097",2019
"L098",3.12063365332192,"lodging","L098",2019
"L099",3.51163105715233,"lodging","L099",2019
"L100",3.43966944452141,"lodging","L100",2019
"L001",887.448633941067,"YLD","L001",2023
"L002",962.252356149273,"YLD","L002",2025
"L003",1159.03120872856,"YLD","L003",2023
"L004",1034.18602496276,"YLD","L004",2026
"L005",1015.70433127885,"YLD","L005",2023
"L006",1164.72320840043,"YLD","L006",2023
"L007",1125.0076101791,"YLD","L007",2023
"L008",993.819036920558,"YLD","L008",2023
"L009",831.625886006239,"YLD","L009",2023
"L010",748.342972796878,"YLD","L010",2023
"L011",1027.55512743371,"YLD","L011",2026
"L012",931.130844590075,"YLD","L012",2023
"L013",1211.58823815955,"YLD","L013",2024
"L014",1038.50694871599,"YLD","L014",2025
"L015",931.55762514971,"YLD","L015",2024
"L016",992.916288907684,"YLD","L016",2025
"L017",1106.85100782734,"YLD","L017",2024
"L018",1038.70847319847,"YLD","L018",2024
"L019",929.822390175701,"YLD","L019",2023
"L020",971.298665489596,"YLD","L020",2025
"L021",1070.73765994462,"YLD","L021",2024
"L022",956.321285359688,"YLD","L022",2024
"L023",901.012369038579,"YLD","L023",2026
"L024",894.4274211412,"YLD","L024",2024
"L025",928.688906774595,"YLD","L025",2026
"L026",1033.57991447194,"YLD","L026",2025
"L027",954.90976276769,"YLD","L027",2026
"L028",887.469808130805,"YLD","L028",2025
"L029",965.942414752825,"YLD","L029",2026
"L030",881.859121555195,"YLD","L030",2025
"L031",1006.32349751124,"YLD","L031",2026
"L032",830.481183271863,"YLD","L032",2026
"L033",877.242350476576,"YLD","L033",2026
"L034",690.457065683755,"YLD","L034",2026
"L035",1077.9818032105,"YLD","L035",2026
"L036",868.855667706297,"YLD","L036",2026
"L037",935.18257504258,"YLD","L037",2026
"L038",821.362742341988,"YLD","L038",2026
"L039",943.964081240735,"YLD","L039",2026
"L040",1022.91994897069,"YLD","L040",2026
"L041",992.768525053143,"YLD","L041",2026
"L042",1018.99297035558,"YLD","L042",2026
"L043",1080.65376473809,"YLD","L043",2026
"L044",894.57022129416,"YLD","L044",2026
"L045",979.610164712445,"YLD","L045",2027
"L046",1067.19143277136,"YLD","L046",2027
"L047",946.182308287586,"YLD","L047",2026
"L048",1066.8068342053,"YLD","L048",2026
"L049",1040.03862178119,"YLD","L049",2026
"L050",1086.96417329239,"YLD","L050",2027
"L051",983.847670693894,"YLD","L051",2027
"L052",1028.34803203582,"YLD","L052",2027
"L053",897.116980979451,"YLD","L053",2027
"L054",901.04371592219,"YLD","L054",2027
"L055",814.680531714947,"YLD","L055",2014
"L056",768.740645155271,"YLD","L056",2016
"L057",932.550041662702,"YLD","L057",2017
"L058",626.589159324711,"YLD","L058",2018
"L059",828.968050636191,"YLD","L059",2018
"L060",943.508106031462,"YLD","L060",2018
"L061",1016.82967119277,"YLD","L061",2019
"L062",989.070281361592,"YLD","L062",2020
"L063",945.278643664907,"YLD","L063",2019
"L064",854.946057177095,"YLD","L064",2019
"L065",1083.19539251796,"YLD","L065",2019
"L066",855.55269183673,"YLD","L066",2019
"L067",784.601277701497,"YLD","L067",2019
"L068",990.941393941979,"YLD","L068",2019
"L069",948.383848969939,"YLD","L069",2019
"L070",949.746621129304,"YLD","L070",2019
"L071",697.245054240174,"YLD","L071",2019
"L072",803.808338584681,"YLD","L072",2019
"L073",691.668063355706,"YLD","L073",2006
"L074",700.997916745883,"YLD","L074",2006
"L075",707.685526837194,"YLD","L075",2006
"L076",883.316747987355,"YLD","L076",2014
"L077",1066.22654060547,"YLD","L077",2007
"L078",800.0869996773,"YLD","L078",2008
"L079",720.805289058036,"YLD","L079",2008
"L080",860.446429850547,"YLD","L080",2009
"L081",785.242838339468,"YLD","L081",2008
"L082",758.746262964656,"YLD","L082",2009
"L083",966.809577012271,"YLD","L083",2010
"L084",943.31729880164,"YLD","L084",2013
"L085",1021.41853175793,"YLD","L085",2014
"L086",716.203685457638,"YLD","L086",2013
"L087",991.405053559787,"YLD","L087",2013
"L088",783.179945403764,"YLD","L088",2007
"L089",770.654523614255,"YLD","L089",2016
"L090",821.892995324665,"YLD","L090",2016
"L091",1039.20935604361,"YLD","L091",2016
"L092",861.387595124387,"YLD","L092",2017
"L093",1040.28641898817,"YLD","L093",2018
"L094",1038.17617182104,"YLD","L094",2017
"L095",959.868716999349,"YLD","L095",2020
"L096",788.118811698569,"YLD","L096",2020
"L097",1061.25396259472,"YLD","L097",2019
"L098",1142.95792637528,"YLD","L098",2019
"L099",781.276671808213,"YLD","L099",2019
"L100",819.530897411696,"YLD","L100",2019
"L001",25.3763153258376,"PRT","L001",2023
"L002",23.8084144382721,"PRT","L002",2025
"L003",25.1527291282315,"PRT","L003",2023
"L004",23.3040002676827,"PRT","L004",2026
"L005",24.3891175508898,"PRT","L005",2023
"L006",25.0583548401366,"PRT","L006",2023
"L007",23.8966025704948,"PRT","L007",2023
"L008",23.7616456991244,"PRT","L008",2023
"L009",26.8469126850802,"PRT","L009",2023
"L010",26.1435252194452,"PRT","L010",2023
"L011",25.229875367231,"PRT","L011",2026
"L012",24.0943213611263,"PRT","L012",2023
"L013",23.0500843028971,"PRT","L013",2024
"L014",24.2542047189858,"PRT","L014",2025
"L015",24.9213448830195,"PRT","L015",2024
"L016",24.315303053478,"PRT","L016",2025
"L017",24.8521104869277,"PRT","L017",2024
"L018",24.2385475373008,"PRT","L018",2024
"L019",25.4053418526063,"PRT","L019",2023
"L020",24.2058542530541,"PRT","L020",2025
"L021",24.9792673354471,"PRT","L021",2024
"L022",23.8517868030648,"PRT","L022",2024
"L023",23.3243268696341,"PRT","L023",2026
"L024",23.3055059053746,"PRT","L024",2024
"L025",23.7315482682682,"PRT","L025",2026
"L026",24.5737311488994,"PRT","L026",2025
"L027",25.4013589466138,"PRT","L027",2026
"L028",25.0267800792179,"PRT","L028",2025
"L029",24.0406003108854,"PRT","L029",2026
"L030",23.9749061470477,"PRT","L030",2025
"L031",25.3210397940235,"PRT","L031",2026
"L032",22.5560475667156,"PRT","L032",2026
"L033",23.5979333994266,"PRT","L033",2026
"L034",24.0981513704625,"PRT","L034",2026
"L035",24.3394727248603,"PRT","L035",2026
"L036",24.0472251233015,"PRT","L036",2026
"L037",25.0829801313656,"PRT","L037",2026
"L038",24.2879696265615,"PRT","L038",2026
"L039",26.5256535527207,"PRT","L039",2026
"L040",24.9310988251628,"PRT","L040",2026
"L041",24.9168551060279,"PRT","L041",2026
"L042",23.422046944854,"PRT","L042",2026
"L043",24.3409585436997,"PRT","L043",2026
"L044",25.3788461819473,"PRT","L044",2026
"L045",25.1476842468436,"PRT","L045",2027
"L046",25.0641708957231,"PRT","L046",2027
"L047",23.9398516139206,"PRT","L047",2026
"L048",23.3811605899217,"PRT","L048",2026
"L049",24.6935123521759,"PRT","L049",2026
"L050",26.2520350345522,"PRT","L050",2027
"L051",25.3246827956572,"PRT","L051",2027
"L052",24.1332171564064,"PRT","L052",2027
"L053",23.5574839535028,"PRT","L053",2027
"L054",25.1896997119627,"PRT","L054",2027
"L055",24.1240647979116,"PRT","L055",2014
"L056",24.9119852706646,"PRT","L056",2016
"L057",24.2207154707216,"PRT","L057",2017
"L058",24.8513549560584,"PRT","L058",2018
"L059",23.4538373915763,"PRT","L059",2018
"L060",25.7165176666095,"PRT","L060",2018
"L061",24.3990318348088,"PRT","L061",2019
"L062",25.2043681193139,"PRT","L062",2020
"L063",25.1309993153265,"PRT","L063",2019
"L064",26.5522184337461,"PRT","L064",2019
"L065",24.3507087635138,"PRT","L065",2019
"L066",24.3562102934566,"PRT","L066",2019
"L067",24.8427957346306,"PRT","L067",2019
"L068",24.7607034694979,"PRT","L068",2019
"L069",25.476353759977,"PRT","L069",2019
"L070",24.8694382573395,"PRT","L070",2019
"L071",24.8472112107113,"PRT","L071",2019
"L072",26.2208600324339,"PRT","L072",2019
"L073",26.0058979416879,"PRT","L073",2006
"L074",25.4918248485273,"PRT","L074",2006
"L075",24.5193592195241,"PRT","L075",2006
"L076",24.3345071196155,"PRT","L076",2014
"L077",24.4929640847564,"PRT","L077",2007
"L078",24.8024931760732,"PRT","L078",2008
"L079",24.6884735050925,"PRT","L079",2008
"L080",24.2819544675143,"PRT","L080",2009
"L081",24.7254819416414,"PRT","L081",2008
"L082",24.9055035600715,"PRT","L082",2009
"L083",24.8379812220654,"PRT","L083",2010
"L084",24.1465653722245,"PRT","L084",2013
"L085",24.420127773419,"PRT","L085",2014
"L086",23.6168392078619,"PRT","L086",2013
"L087",24.6134237751066,"PRT","L087",2013
"L088",25.4852675977827,"PRT","L088",2007
"L089",23.678879306591,"PRT","L089",2016
"L090",24.4224535082035,"PRT","L090",2016
"L091",24.3593501433162,"PRT","L091",2016
"L092",24.5390399597988,"PRT","L092",2017
"L093",25.0021474721335,"PRT","L093",2018
"L094",24.8575314472778,"PRT","L094",2017
"L095",24.1912825692753,"PRT","L095",2020
"L096",25.3884200666416,"PRT","L096",2020
"L097",24.7938424330114,"PRT","L097",2019
"L098",23.449551939446,"PRT","L098",2019
"L099",23.1477507188472,"PRT","L099",2019
"L100",24.0283431206345,"PRT","L100",2019
"L001",1.43056376941443,"DS","L001",2023
"L002",1.41843076114409,"DS","L002",2025
"L003",1.40425839866928,"DS","L003",2023
"L004",1.44818483419193,"DS","L004",2026
"L005",1.42014650240456,"DS","L005",2023
"L006",1.39415632247472,"DS","L006",2023
"L007",1.4018197971501,"DS","L007",2023
"L008",1.40487646246623,"DS","L008",2023
"L009",1.43105248686993,"DS","L009",2023
"L010",1.44929000717168,"DS","L010",2023
"L011",1.42112296352788,"DS","L011",2026
"L012",1.37483772661836,"DS","L012",2023
"L013",1.38581917559828,"DS","L013",2024
"L014",1.4051638128588,"DS","L014",2025
"L015",1.46485696351114,"DS","L015",2024
"L016",1.4508442507046,"DS","L016",2025
"L017",1.47288318443726,"DS","L017",2024
"L018",1.47156894152769,"DS","L018",2024
"L019",1.39838416871631,"DS","L019",2023
"L020",1.4365895270321,"DS","L020",2025
"L021",1.416176710475,"DS","L021",2024
"L022",1.40082493033395,"DS","L022",2024
"L023",1.45719052409893,"DS","L023",2026
"L024",1.36982014318211,"DS","L024",2024
"L025",1.42275610584406,"DS","L025",2026
"L026",1.43061636417311,"DS","L026",2025
"L027",1.47104737738395,"DS","L027",2026
"L028",1.52784652317126,"DS","L028",2025
"L029",1.48567163052025,"DS","L029",2026
"L030",1.47015936816554,"DS","L030",2025
"L031",1.49740956292172,"DS","L031",2026
"L032",1.46783299833273,"DS","L032",2026
"L033",1.44531521494651,"DS","L033",2026
"L034",1.40367014669478,"DS","L034",2026
"L035",1.49983386994579,"DS","L035",2026
"L036",1.5213276253945,"DS","L036",2026
"L037",1.47994738516932,"DS","L037",2026
"L038",1.40613701269498,"DS","L038",2026
"L039",1.45681488641015,"DS","L039",2026
"L040",1.45422613536072,"DS","L040",2026
"L041",1.40430137505108,"DS","L041",2026
"L042",1.45275286337799,"DS","L042",2026
"L043",1.44650095350867,"DS","L043",2026
"L044",1.39553068652873,"DS","L044",2026
"L045",1.42307090620408,"DS","L045",2027
"L046",1.4285886673511,"DS","L046",2027
"L047",1.4434847597444,"DS","L047",2026
"L048",1.42040141021606,"DS","L048",2026
"L049",1.3838776405802,"DS","L049",2026
"L050",1.43599193505435,"DS","L050",2027
"L051",1.42446907728322,"DS","L051",2027
"L052",1.46452063667634,"DS","L052",2027
"L053",1.40536404624346,"DS","L053",2027
"L054",1.44570131047343,"DS","L054",2027
"L055",1.44877961264755,"DS","L055",2014
"L056",1.40174735579769,"DS","L056",2016
"L057",1.45943827741336,"DS","L057",2017
"L058",1.37503691568298,"DS","L058",2018
"L059",1.37539935300919,"DS","L059",2018
"L060",1.44234948437307,"DS","L060",2018
"L061",1.44385989394743,"DS","L061",2019
"L062",1.40717523010491,"DS","L062",2020
"L063",1.43425805020611,"DS","L063",2019
"L064",1.44238389087578,"DS","L064",2019
"L065",1.40903709948873,"DS","L065",2019
"L066",1.42418402137967,"DS","L066",2019
"L067",1.54231847648562,"DS","L067",2019
"L068",1.39474677591827,"DS","L068",2019
"L069",1.46203329596368,"DS","L069",2019
"L070",1.40004148987247,"DS","L070",2019
"L071",1.38408328152199,"DS","L071",2019
"L072",1.48281469407962,"DS","L072",2019
"L073",1.58997508594544,"DS","L073",2006
"L074",1.54546327629737,"DS","L074",2006
"L075",1.521994376106,"DS","L075",2006
"L076",1.3775705479019,"DS","L076",2014
"L077",1.39444447502061,"DS","L077",2007
"L078",1.58114432750316,"DS","L078",2008
"L079",1.51156205418638,"DS","L079",2008
"L080",1.47108345244359,"DS","L080",2009
"L081",1.61762870021828,"DS","L081",2008
"L082",1.59536606906246,"DS","L082",2009
"L083",1.45636572902814,"DS","L083",2010
"L084",1.43183419003473,"DS","L084",2013
"L085",1.53989682517201,"DS","L085",2014
"L086",1.2314758075691,"DS","L086",2013
"L087",1.45494670715128,"DS","L087",2013
"L088",1.55622092139098,"DS","L088",2007
"L089",1.23170690165036,"DS","L089",2016
"L090",1.5218054985012,"DS","L090",2016
"L091",1.46432345120596,"DS","L091",2016
"L092",1.61002479840748,"DS","L092",2017
"L093",1.40505536466849,"DS","L093",2018
"L094",1.41106077994017,"DS","L094",2017
"L095",1.4731996060645,"DS","L095",2020
"L096",1.44373352342241,"DS","L096",2020
"L097",1.44802817433405,"DS","L097",2019
"L098",1.43260851856713,"DS","L098",2019
"L099",1.26021368072267,"DS","L099",2019
"L100",1.23551889278764,"DS","L100",2019
